Density,choco,z3
5,37288778.55360443,63319096.95674919
10,32798105.060138527,56572837.59990021
15,37985033.40402479,64208731.911590524
20,31499027.40600426,55337532.829877265
25,34023910.55686294,58399614.40339828