Density,choco,z3
5,26164471.441913534,47191324.0801441
10,24966282.495327584,45201302.2363386
15,26214836.61236691,47928540.98554481
20,25351333.403442807,45803683.58230903
25,26102514.880748663,46925484.66182656