Density,choco,z3
5,54064384.170077935,85060613.84533091
10,52069618.916874364,82821927.29678993
15,54950490.45204051,86280610.66131073
20,50412061.96201801,80546350.67430721
25,50455085.4508971,80927089.48630887