Density,choco,z3
5,32462916.919392955,55754488.19342571
10,31935415.292512927,54996985.367225334
15,33287080.944183648,56988800.60439419
20,31791037.522735648,54795117.663261585
25,33453747.1397234,57332252.965935975